pt,goto,gojek,tokopedia,tbk,goto,laksana,catat,saham,perdana,alias,initial,public,off
jelang,ipo,april,kerja,goto,rugi,angka,rugi,capai,rp,triliun
goto,rilis,ipo,fakta,tarik,tahu,guys,investasi,cerdas,saham,cuan
gara,apps,toped,nawarin,ipo,ribet,daftar,bank,jago,salah,broker,pake,broker
induk,usaha,tawar,saham,perdana,alias,ipo,lepas,miliar
marc,marquez,valentino,rossi,duel,rider,motogp,baik,juara,rossi,duel,lawan,juara
sobat,investor,sibuk,order,ipo,goto,mimin,bantuin,info
goto,ipo,bei,harga,jadwal,tarik,beli,goto,ipo,saham,bei,investasi,teknologi,gojek
goto,tawar,saham,perdana,ipo,miliar,saham,seri,tingkat,miliar
saham,gojek,tokopedia,goto,legit,cicip,ikut,ipo,gojek,tokopedia,ipo,goto
lumayan,limit
goto,indo,premier,underwriter,ngoto,ekonomi
po,goto,angin,segar,tumbuh,ritel,investor,kalang,mitra,kemudi
momentum,goto,lantai,bursa,jalan,pulih,ekonomi
beli,goto
fundamental,goto,buruk,saham,cocok,pegang,long-term,kaca,ipo,buka
dapet,fixed,allotment,ipo,saham,goto,sungguh,kreatif,diharusin,buka,pake,rdn,arto,akun
orang,nunggu,goto,ipo,gw,cuman,nunggu,gopay,coins,dipake,gofood
serius,goto
tokopedia,marketnya,kuat,luas,semenjak,tokopedianow,over,price,wajar
majang,laba,bersih,trend,ipo,e-commerce,majang,rugi,bersih,bisnis,utama,goto,tari
rencana,ipo,goto,baca,prospektus,subjudul,usaha,catat,rugi,bersih,diri
preorder,serbu,reseller,ikan,paus,market,ipo,goto
sultan,gojek,update,dapet,limit,program,saham,gotong,royong
update,informasi,putar,investasi,hubung,kunjung
tetep,ganggu
fear,situ,all,in
kilat,baik,cepat,kilat,web,game,lengkap,indonesia,slot,poker
driver,ojol,pegang,saham,goto,jelas
teman,kafein,dapat,prospektus,ipo,goto,read,dowload,mari
mantep
stabilisasi,harga,pasang,price,floor,harga,jaga,turun
kulik,catat,jalan,gojek,tokopedia,goto,simak,lengkap,mini,report,story
adia,investor,libat,avanda,investment,management,fidelity,internationalz
oleh,dana,pra-ipo,juta,adia,sinyal,rencana,ipo,bursa,lokal
kabar,goto,nama,singgung,bursa,efek,indonesia,lantai,bukalapak
kabar,resmi,gojek,tokopedia,resmi,merger,mei
analisa,peluang,hasil,bentuk,goto,pakar
momen,merger,gojek,tokopedia,hangat,bahas
gojek,unicorn,indonesia,buku,dana,triliun
tokopedia,unicorn,indonesia,buku,dana,triliun,pimpin,alibaba
putar,dana,seri,partisipasi,mitshubisi,mantap,gojek,decacorn
capai,tokopedia,hasil,capai,miliar,transaksi
kali,tokopedia,triliun,valuasi,premi
simak,jalan,lengkap
iseng,baca,baca,goto
goto,resmi,umum,lantai,bei,keren,habis,goto
tunggu,colok,hidung,tenggorok,mari,bedah,ipo,goto
ipo,goto,kapital,pasar,triliun,lebih,kapital,astra,asi,unilever
jujur,baca,kolom
pt,goto,gojek,tokopedia,tbk,goto,laksana,catat,saham,perdana,alias,initial,public,off
jelang,ipo,april,kerja,goto,rugi,angka,rugi,capai,rp,triliun
goto,rilis,ipo,fakta,tarik,tahu,guys,investasi,cerdas,saham,cuan
gara,apps,toped,nawarin,ipo,ribet,daftar,bank,jago,salah,broker,pake,broker
induk,usaha,tawar,saham,perdana,alias,ipo,lepas,miliar
marc,marquez,valentino,rossi,duel,rider,motogp,baik,juara,rossi,duel,lawan,juara
sobat,investor,sibuk,order,ipo,goto,mimin,bantuin,info
goto,ipo,bei,harga,jadwal,tarik,beli,goto,ipo,saham,bei,investasi,teknologi,gojek
goto,tawar,saham,perdana,ipo,miliar,saham,seri,tingkat,miliar
saham,gojek,tokopedia,goto,legit,cicip,ikut,ipo,gojek,tokopedia,ipo,goto
lumayan,limit
goto,indo,premier,underwriter,ngoto,ekonomi
po,goto,angin,segar,tumbuh,ritel,investor,kalang,mitra,kemudi
momentum,goto,lantai,bursa,jalan,pulih,ekonomi
beli,goto
fundamental,goto,buruk,saham,cocok,pegang,long-term,kaca,ipo,buka
dapet,fixed,allotment,ipo,saham,goto,sungguh,kreatif,diharusin,buka,pake,rdn,arto,akun
orang,nunggu,goto,ipo,gw,cuman,nunggu,gopay,coins,dipake,gofood
serius,goto
tokopedia,marketnya,kuat,luas,semenjak,tokopedianow,over,price,wajar
majang,laba,bersih,trend,ipo,e-commerce,majang,rugi,bersih,bisnis,utama,goto,tari
rencana,ipo,goto,baca,prospektus,subjudul,usaha,catat,rugi,bersih,diri
preorder,serbu,reseller,ikan,paus,market,ipo,goto
sultan,gojek,update,dapet,limit,program,saham,gotong,royong
update,informasi,putar,investasi,hubung,kunjung
tetep,ganggu
fear,situ,all,in
kilat,baik,cepat,kilat,web,game,lengkap,indonesia,slot,poker
driver,ojol,pegang,saham,goto,jelas
teman,kafein,dapat,prospektus,ipo,goto,read,dowload,mari
mantep
stabilisasi,harga,pasang,price,floor,harga,jaga,turun
kulik,catat,jalan,gojek,tokopedia,goto,simak,lengkap,mini,report,story
adia,investor,libat,avanda,investment,management,fidelity,internationalz
oleh,dana,pra-ipo,juta,adia,sinyal,rencana,ipo,bursa,lokal
kabar,goto,nama,singgung,bursa,efek,indonesia,lantai,bukalapak
kabar,resmi,gojek,tokopedia,resmi,merger,mei
analisa,peluang,hasil,bentuk,goto,pakar
momen,merger,gojek,tokopedia,hangat,bahas
gojek,unicorn,indonesia,buku,dana,triliun
tokopedia,unicorn,indonesia,buku,dana,triliun,pimpin,alibaba
putar,dana,seri,partisipasi,mitshubisi,mantap,gojek,decacorn
capai,tokopedia,hasil,capai,miliar,transaksi
kali,tokopedia,triliun,valuasi,premi
simak,jalan,lengkap
iseng,baca,baca,goto
goto,resmi,umum,lantai,bei,keren,habis,goto
tunggu,colok,hidung,tenggorok,mari,bedah,ipo,goto
ipo,goto,kapital,pasar,triliun,lebih,kapital,astra,asi,unilever
jujur,baca,kolom



